threads, chunks, time
2, 1, 15.6053
2, 1, 15.2774
2, 1, 15.1622
2, 1, 15.095
2, 1, 15.0821
2, 1, 15.0865
2, 1, 15.0538
2, 1, 15.2815
2, 1, 15.2971
2, 1, 15.173
2, 1, 15.0963
2, 1, 15.154
2, 1, 15.2546
2, 1, 15.032
2, 1, 15.086
2, 1, 14.9942
2, 1, 15.0557
2, 1, 15.074
2, 1, 15.0795
2, 1, 15.0914
2, 1, 15.0617
2, 1, 15.0555
2, 1, 15.0317
2, 1, 15.0079
2, 1, 14.9641
2, 1, 15.0312
2, 1, 14.9736
2, 1, 15.0335
2, 1, 15.0757
2, 1, 15.0932
2, 1, 15.0738
2, 1, 15.1466
2, 1, 15.1687
2, 1, 15.0032
2, 1, 15.0132
2, 1, 15.0775
2, 1, 15.0347
2, 1, 15.2401
2, 1, 15.2351
2, 1, 15.1844
2, 1, 15.0339
2, 1, 15.023
2, 1, 15.1788
2, 1, 15.165
2, 1, 15.1051
2, 1, 14.9791
2, 1, 15.089
2, 1, 15.0451
2, 1, 15.0305
2, 1, 15.1144
2, 1, 15.0438
2, 1, 15.0957
2, 1, 15.1087
2, 1, 15.1765
2, 1, 15.2358
2, 1, 15.1981
2, 1, 15.0176
2, 1, 15.0036
2, 1, 15.1105
2, 1, 15.0838
2, 1, 14.9583
2, 1, 14.9309
2, 1, 15.1902
2, 1, 15.1074
2, 1, 15.0648
2, 1, 14.9372
2, 1, 14.9981
2, 1, 15.0014
2, 1, 14.9646
2, 1, 15.038
2, 1, 14.9919
2, 1, 14.9391
2, 1, 14.9004
2, 1, 14.9001
2, 1, 14.9357
2, 1, 14.9217
2, 1, 14.9493
2, 1, 14.9406
2, 1, 14.952
2, 1, 14.9888
2, 1, 15.2396
2, 1, 15.1087
2, 1, 15.0568
2, 1, 14.9916
2, 1, 14.9944
2, 1, 15.0269
2, 1, 14.9984
2, 1, 14.9803
2, 1, 15.0286
2, 1, 15.064
2, 1, 15.0213
2, 1, 14.978
2, 1, 15.0521
2, 1, 15.125
2, 1, 15.0006
2, 1, 15.1127
2, 1, 15.0831
2, 1, 14.9377
2, 1, 14.9333
2, 1, 14.8857
2, 10, 14.7918
2, 10, 14.8071
2, 10, 14.7658
2, 10, 14.772
2, 10, 14.7613
2, 10, 14.7639
2, 10, 14.7347
2, 10, 14.7707
2, 10, 14.764
2, 10, 14.8375
2, 10, 14.8217
2, 10, 14.9636
2, 10, 14.8514
2, 10, 14.8383
2, 10, 14.8173
2, 10, 14.9533
2, 10, 14.9404
2, 10, 14.942
2, 10, 14.8699
2, 10, 14.9179
2, 10, 14.9458
2, 10, 14.9962
2, 10, 14.8979
2, 10, 14.9254
2, 10, 14.9999
2, 10, 14.8684
2, 10, 14.8627
2, 10, 14.8655
2, 10, 15.1185
2, 10, 14.8846
2, 10, 14.808
2, 10, 14.8585
2, 10, 14.9024
2, 10, 14.938
2, 10, 15.0514
2, 10, 15.055
2, 10, 14.9831
2, 10, 14.8618
2, 10, 14.8189
2, 10, 14.8272
2, 10, 14.889
2, 10, 14.8254
2, 10, 14.9344
2, 10, 14.8583
2, 10, 14.8578
2, 10, 14.7781
2, 10, 14.8144
2, 10, 14.7773
2, 10, 14.8573
2, 10, 14.9183
2, 10, 14.9921
2, 10, 14.9817
2, 10, 15.0147
2, 10, 15.053
2, 10, 15.0515
2, 10, 15.032
2, 10, 15.0736
2, 10, 14.9976
2, 10, 15.0685
2, 10, 15.1116
2, 10, 15.057
2, 10, 15.0897
2, 10, 15.1652
2, 10, 15.0407
2, 10, 15.0243
2, 10, 15.0274
2, 10, 15.0726
2, 10, 15.0073
2, 10, 14.9308
2, 10, 14.9315
2, 10, 14.9136
2, 10, 14.8793
2, 10, 14.9455
2, 10, 14.8806
2, 10, 14.976
2, 10, 15.1035
2, 10, 15.0886
2, 10, 15.0212
2, 10, 15.0569
2, 10, 15.1346
2, 10, 14.8933
2, 10, 14.8225
2, 10, 14.8827
2, 10, 14.9771
2, 10, 14.9242
2, 10, 15.0114
2, 10, 14.8677
2, 10, 14.8806
2, 10, 14.858
2, 10, 14.8979
2, 10, 14.8482
2, 10, 14.9506
2, 10, 15.069
2, 10, 14.9901
2, 10, 15.0571
2, 10, 14.8271
2, 10, 14.9783
2, 10, 14.8652
2, 10, 14.9013
2, 10, 15.2371
2, 50, 15.1604
2, 50, 14.9092
2, 50, 14.9296
2, 50, 15.0104
2, 50, 15.052
2, 50, 15.0265
2, 50, 15.0857
2, 50, 15.08
2, 50, 15.0389
2, 50, 14.9622
2, 50, 14.9828
2, 50, 14.9739
2, 50, 15.1129
2, 50, 15.6326
2, 50, 15.3564
2, 50, 16.2971
2, 50, 15.3338
2, 50, 15.0476
2, 50, 15.0735
2, 50, 15.0731
2, 50, 15.1792
2, 50, 15.0903
2, 50, 15.4515
2, 50, 15.565
2, 50, 15.354
2, 50, 15.3001
2, 50, 15.5311
2, 50, 15.5728
2, 50, 15.2869
2, 50, 15.2256
2, 50, 15.203
2, 50, 15.2052
2, 50, 15.0953
2, 50, 14.8522
2, 50, 14.9054
2, 50, 14.9754
2, 50, 14.9309
2, 50, 14.9432
2, 50, 14.9512
2, 50, 15.2455
2, 50, 16.0413
2, 50, 15.9903
2, 50, 16.0483
2, 50, 16.1137
2, 50, 16.0143
2, 50, 16.0679
2, 50, 16.1071
2, 50, 16.0668
2, 50, 16.0248
2, 50, 16.0332
2, 50, 16.0778
2, 50, 16.1012
2, 50, 16.0125
2, 50, 16.1006
2, 50, 16.1443
2, 50, 16.0681
2, 50, 16.0294
2, 50, 16.0518
2, 50, 16.0467
2, 50, 16.0362
2, 50, 16.1518
2, 50, 16.1651
2, 50, 16.1057
2, 50, 16.1192
2, 50, 16.0786
2, 50, 16.069
2, 50, 16.0648
2, 50, 16.1146
2, 50, 16.1365
2, 50, 16.066
2, 50, 16.1265
2, 50, 16.2255
2, 50, 16.1347
2, 50, 16.0304
2, 50, 16.0113
2, 50, 16.0889
2, 50, 16.0292
2, 50, 16.0422
2, 50, 16.0918
2, 50, 16.0885
2, 50, 16.1018
2, 50, 16.0208
2, 50, 15.979
2, 50, 16.0363
2, 50, 15.9829
2, 50, 15.944
2, 50, 16.0094
2, 50, 15.993
2, 50, 15.6073
2, 50, 15.6316
2, 50, 15.6663
2, 50, 15.6302
2, 50, 15.6126
2, 50, 15.6509
2, 50, 15.5853
2, 50, 15.5646
2, 50, 15.5332
2, 50, 15.5783
2, 50, 15.5704
2, 50, 15.601
2, 100, 15.5345
2, 100, 15.5648
2, 100, 15.5496
2, 100, 15.5123
2, 100, 15.5605
2, 100, 15.5486
2, 100, 15.5872
2, 100, 15.5177
2, 100, 15.5329
2, 100, 15.5463
2, 100, 15.5471
2, 100, 15.5294
2, 100, 15.5159
2, 100, 15.5954
2, 100, 15.5144
2, 100, 15.5224
2, 100, 15.5608
2, 100, 15.529
2, 100, 15.4912
2, 100, 15.5435
2, 100, 15.5148
2, 100, 15.5889
2, 100, 15.5078
2, 100, 15.4154
2, 100, 15.03
2, 100, 15.1656
2, 100, 15.1217
2, 100, 15.2516
2, 100, 15.5579
2, 100, 15.7684
2, 100, 15.0964
2, 100, 15.0095
2, 100, 15.0551
2, 100, 15.1309
2, 100, 15.066
2, 100, 15.0223
2, 100, 15.0804
2, 100, 15.1669
2, 100, 15.0843
2, 100, 15.0088
2, 100, 15.0821
2, 100, 15.0801
2, 100, 15.0649
2, 100, 15.0397
2, 100, 15.1165
2, 100, 15.095
2, 100, 15.0428
2, 100, 15.0071
2, 100, 15.0445
2, 100, 15.0804
2, 100, 15.0375
2, 100, 15.0681
2, 100, 15.1217
2, 100, 15.0789
2, 100, 15.0205
2, 100, 15.0837
2, 100, 14.9748
2, 100, 15.0426
2, 100, 15.0031
2, 100, 15.0505
2, 100, 15.0733
2, 100, 15.071
2, 100, 15.0647
2, 100, 15.1167
2, 100, 15.0191
2, 100, 14.9225
2, 100, 14.9225
2, 100, 14.9179
2, 100, 14.9225
2, 100, 14.9522
2, 100, 14.9321
2, 100, 14.9625
2, 100, 14.9397
2, 100, 14.9279
2, 100, 14.9296
2, 100, 14.8897
2, 100, 14.9173
2, 100, 14.9367
2, 100, 14.9216
2, 100, 14.9308
2, 100, 14.9488
2, 100, 14.9115
2, 100, 14.9371
2, 100, 14.9018
2, 100, 14.9271
2, 100, 14.9032
2, 100, 14.9522
2, 100, 14.9728
2, 100, 14.9993
2, 100, 14.9747
2, 100, 15.0149
2, 100, 15.5794
2, 100, 15.5331
2, 100, 15.5177
2, 100, 15.6526
2, 100, 15.2289
2, 100, 15.0049
2, 100, 15.0198
2, 100, 15.0317
2, 100, 14.9695
2, 250, 14.9543
2, 250, 14.9614
2, 250, 14.9791
2, 250, 14.9383
2, 250, 14.9198
2, 250, 14.9149
2, 250, 14.9397
2, 250, 14.9385
2, 250, 14.8324
2, 250, 14.9646
2, 250, 14.9238
2, 250, 14.9541
2, 250, 14.8244
2, 250, 14.8756
2, 250, 14.9057
2, 250, 14.8657
2, 250, 14.8253
2, 250, 14.8577
2, 250, 14.8387
2, 250, 14.8459
2, 250, 14.8252
2, 250, 14.8588
2, 250, 14.8736
2, 250, 14.8288
2, 250, 14.8616
2, 250, 14.932
2, 250, 14.859
2, 250, 14.9131
2, 250, 14.9604
2, 250, 14.9368
2, 250, 15.0009
2, 250, 14.9762
2, 250, 15.0235
2, 250, 15.1354
2, 250, 14.9981
2, 250, 15.0611
2, 250, 15.0604
2, 250, 15.1618
2, 250, 15.0435
2, 250, 15.1434
2, 250, 15.0732
2, 250, 14.9472
2, 250, 15.0273
2, 250, 15.0464
2, 250, 14.9391
2, 250, 14.9381
2, 250, 14.9203
2, 250, 14.9345
2, 250, 14.8929
2, 250, 14.8198
2, 250, 14.8021
2, 250, 14.8518
2, 250, 14.8377
2, 250, 14.8797
2, 250, 14.8492
2, 250, 14.8921
2, 250, 14.8441
2, 250, 14.8874
2, 250, 14.8357
2, 250, 14.9043
2, 250, 14.8253
2, 250, 14.8923
2, 250, 14.8268
2, 250, 14.8539
2, 250, 14.9331
2, 250, 14.9098
2, 250, 14.8532
2, 250, 14.9367
2, 250, 14.9267
2, 250, 14.9262
2, 250, 14.9061
2, 250, 14.9038
2, 250, 14.94
2, 250, 14.8964
2, 250, 14.8815
2, 250, 14.9317
2, 250, 14.9042
2, 250, 14.9454
2, 250, 14.8956
2, 250, 14.9112
2, 250, 14.9316
2, 250, 14.8792
2, 250, 14.9331
2, 250, 14.9438
2, 250, 14.9323
2, 250, 14.8549
2, 250, 14.9027
2, 250, 14.9296
2, 250, 14.902
2, 250, 14.8906
2, 250, 14.8872
2, 250, 14.9193
2, 250, 15.0152
2, 250, 15.0076
2, 250, 14.9006
2, 250, 14.8901
2, 250, 14.9011
2, 250, 14.9121
2, 250, 14.9054
2, 250, 15.0121
4, 1, 7.83394
4, 1, 7.89371
4, 1, 8.28271
4, 1, 8.24175
4, 1, 8.07385
4, 1, 8.11177
4, 1, 8.05881
4, 1, 7.88206
4, 1, 7.88406
4, 1, 7.84949
4, 1, 7.8695
4, 1, 7.86342
4, 1, 7.89515
4, 1, 7.87157
4, 1, 7.88425
4, 1, 7.88118
4, 1, 7.89461
4, 1, 8.00116
4, 1, 7.9017
4, 1, 8.01783
4, 1, 7.90505
4, 1, 7.85539
4, 1, 7.8718
4, 1, 7.9266
4, 1, 7.88107
4, 1, 8.02687
4, 1, 7.93017
4, 1, 7.96309
4, 1, 7.8884
4, 1, 7.92824
4, 1, 8.04395
4, 1, 7.91722
4, 1, 8.07743
4, 1, 7.91119
4, 1, 8.04681
4, 1, 8.0382
4, 1, 7.90293
4, 1, 8.0143
4, 1, 7.9067
4, 1, 7.91877
4, 1, 7.96029
4, 1, 7.91351
4, 1, 7.98164
4, 1, 7.88787
4, 1, 8.00092
4, 1, 8.00538
4, 1, 8.07339
4, 1, 7.93032
4, 1, 7.87999
4, 1, 7.8926
4, 1, 7.92334
4, 1, 7.88389
4, 1, 7.97903
4, 1, 7.9039
4, 1, 7.91268
4, 1, 7.89812
4, 1, 7.79548
4, 1, 7.82417
4, 1, 7.82226
4, 1, 7.84985
4, 1, 7.82366
4, 1, 7.8327
4, 1, 7.938
4, 1, 7.9096
4, 1, 7.91271
4, 1, 7.88468
4, 1, 7.82297
4, 1, 7.86415
4, 1, 7.81647
4, 1, 7.83489
4, 1, 7.80907
4, 1, 7.82281
4, 1, 7.8553
4, 1, 7.80341
4, 1, 7.81843
4, 1, 7.83318
4, 1, 7.80252
4, 1, 7.8724
4, 1, 7.89469
4, 1, 7.84608
4, 1, 7.80981
4, 1, 7.8687
4, 1, 7.82526
4, 1, 7.88073
4, 1, 7.83534
4, 1, 7.87616
4, 1, 7.83642
4, 1, 7.86935
4, 1, 7.95375
4, 1, 7.83995
4, 1, 7.85113
4, 1, 7.83368
4, 1, 7.91585
4, 1, 7.8616
4, 1, 7.83116
4, 1, 7.83207
4, 1, 7.82068
4, 1, 7.86179
4, 1, 7.83622
4, 1, 7.81894
4, 10, 7.79893
4, 10, 7.77591
4, 10, 7.76021
4, 10, 7.77431
4, 10, 7.76037
4, 10, 7.84013
4, 10, 7.81768
4, 10, 7.7822
4, 10, 7.77379
4, 10, 7.7704
4, 10, 7.77842
4, 10, 7.77667
4, 10, 7.80277
4, 10, 7.78104
4, 10, 7.7882
4, 10, 7.78361
4, 10, 7.77482
4, 10, 7.78191
4, 10, 7.78914
4, 10, 7.79167
4, 10, 7.80059
4, 10, 7.80663
4, 10, 7.79309
4, 10, 7.76549
4, 10, 7.75909
4, 10, 7.78425
4, 10, 7.8016
4, 10, 7.77172
4, 10, 7.77349
4, 10, 7.77533
4, 10, 7.79533
4, 10, 7.7791
4, 10, 7.78857
4, 10, 7.78677
4, 10, 7.79812
4, 10, 7.8058
4, 10, 7.78276
4, 10, 7.78439
4, 10, 7.77681
4, 10, 7.78282
4, 10, 7.79291
4, 10, 7.78891
4, 10, 7.74916
4, 10, 7.78411
4, 10, 7.77736
4, 10, 7.81346
4, 10, 7.76703
4, 10, 7.78549
4, 10, 7.79036
4, 10, 7.8152
4, 10, 7.80762
4, 10, 7.80705
4, 10, 7.78605
4, 10, 7.82507
4, 10, 7.79963
4, 10, 7.79895
4, 10, 7.85272
4, 10, 7.80055
4, 10, 7.83711
4, 10, 7.80525
4, 10, 7.82011
4, 10, 7.79233
4, 10, 7.80903
4, 10, 7.8073
4, 10, 7.81648
4, 10, 7.79924
4, 10, 7.82762
4, 10, 7.8043
4, 10, 7.81251
4, 10, 7.79153
4, 10, 7.80682
4, 10, 7.7947
4, 10, 7.8126
4, 10, 7.79118
4, 10, 7.83022
4, 10, 7.8035
4, 10, 7.80893
4, 10, 7.79367
4, 10, 7.80584
4, 10, 7.79997
4, 10, 7.8229
4, 10, 7.79618
4, 10, 7.83462
4, 10, 7.81033
4, 10, 7.82798
4, 10, 7.80256
4, 10, 7.79653
4, 10, 7.81851
4, 10, 7.79337
4, 10, 7.82251
4, 10, 7.7913
4, 10, 7.82051
4, 10, 7.79741
4, 10, 7.8047
4, 10, 7.79957
4, 10, 7.82207
4, 10, 7.79925
4, 10, 7.81868
4, 10, 7.80703
4, 10, 7.83075
4, 50, 7.80109
4, 50, 7.79473
4, 50, 7.79166
4, 50, 7.84381
4, 50, 7.91558
4, 50, 7.77732
4, 50, 7.78667
4, 50, 7.76996
4, 50, 7.77981
4, 50, 7.77038
4, 50, 7.76952
4, 50, 7.7653
4, 50, 7.7756
4, 50, 7.77275
4, 50, 7.75881
4, 50, 7.77512
4, 50, 7.75929
4, 50, 7.76009
4, 50, 7.76406
4, 50, 7.79265
4, 50, 7.77546
4, 50, 7.79213
4, 50, 7.77583
4, 50, 7.78755
4, 50, 7.77271
4, 50, 7.77794
4, 50, 7.77479
4, 50, 7.79016
4, 50, 7.77044
4, 50, 7.77413
4, 50, 7.75553
4, 50, 7.78652
4, 50, 7.75696
4, 50, 7.76539
4, 50, 7.76222
4, 50, 7.77273
4, 50, 7.78851
4, 50, 7.76705
4, 50, 7.78298
4, 50, 7.76257
4, 50, 7.76216
4, 50, 7.75407
4, 50, 7.78192
4, 50, 7.76301
4, 50, 7.77655
4, 50, 7.77013
4, 50, 7.79131
4, 50, 7.76435
4, 50, 7.77523
4, 50, 7.7807
4, 50, 7.78711
4, 50, 7.76763
4, 50, 7.78731
4, 50, 7.76185
4, 50, 7.78535
4, 50, 7.83712
4, 50, 7.81105
4, 50, 7.77706
4, 50, 7.75621
4, 50, 7.89185
4, 50, 7.75833
4, 50, 7.77649
4, 50, 7.75851
4, 50, 7.81248
4, 50, 7.83454
4, 50, 7.76164
4, 50, 7.74605
4, 50, 7.76221
4, 50, 7.74825
4, 50, 7.77326
4, 50, 7.76497
4, 50, 7.77275
4, 50, 7.77494
4, 50, 7.86841
4, 50, 7.76441
4, 50, 7.7783
4, 50, 7.75846
4, 50, 7.78163
4, 50, 7.76682
4, 50, 7.76437
4, 50, 7.77079
4, 50, 7.76243
4, 50, 7.77734
4, 50, 7.76216
4, 50, 7.7766
4, 50, 7.75776
4, 50, 7.76197
4, 50, 7.76311
4, 50, 7.77361
4, 50, 7.76031
4, 50, 7.78477
4, 50, 7.76036
4, 50, 7.78924
4, 50, 7.82489
4, 50, 7.77863
4, 50, 7.76698
4, 50, 7.77882
4, 50, 7.76482
4, 50, 7.83491
4, 50, 7.76159
4, 100, 7.77837
4, 100, 7.76085
4, 100, 7.84244
4, 100, 7.78367
4, 100, 7.76351
4, 100, 7.78127
4, 100, 7.76465
4, 100, 7.7885
4, 100, 7.77549
4, 100, 7.77836
4, 100, 7.77144
4, 100, 7.79803
4, 100, 7.77484
4, 100, 7.78919
4, 100, 7.77449
4, 100, 7.79873
4, 100, 7.78727
4, 100, 7.77678
4, 100, 7.77877
4, 100, 7.78917
4, 100, 7.78137
4, 100, 7.84773
4, 100, 7.9135
4, 100, 7.79585
4, 100, 7.78597
4, 100, 7.77161
4, 100, 7.77807
4, 100, 7.75888
4, 100, 7.7813
4, 100, 7.8159
4, 100, 7.91484
4, 100, 7.80496
4, 100, 7.79109
4, 100, 7.79702
4, 100, 7.79925
4, 100, 7.80365
4, 100, 7.82634
4, 100, 7.809
4, 100, 7.82107
4, 100, 7.80394
4, 100, 7.79956
4, 100, 7.79053
4, 100, 7.81237
4, 100, 7.88982
4, 100, 7.88377
4, 100, 7.81606
4, 100, 7.79469
4, 100, 7.79631
4, 100, 7.8008
4, 100, 7.81853
4, 100, 7.80062
4, 100, 7.81995
4, 100, 7.79399
4, 100, 7.82134
4, 100, 7.80779
4, 100, 7.79479
4, 100, 7.78633
4, 100, 7.82425
4, 100, 7.80128
4, 100, 7.82442
4, 100, 7.7969
4, 100, 7.81532
4, 100, 7.79797
4, 100, 7.8008
4, 100, 7.89641
4, 100, 7.82122
4, 100, 7.88007
4, 100, 7.77022
4, 100, 7.79914
4, 100, 7.76544
4, 100, 7.75915
4, 100, 7.76504
4, 100, 7.80316
4, 100, 7.79037
4, 100, 7.77546
4, 100, 7.79686
4, 100, 7.77648
4, 100, 7.88974
4, 100, 9.54221
4, 100, 10.6335
4, 100, 7.93768
4, 100, 7.89431
4, 100, 7.88219
4, 100, 7.89771
4, 100, 7.89205
4, 100, 7.87534
4, 100, 7.88553
4, 100, 7.88237
4, 100, 7.89761
4, 100, 7.87186
4, 100, 7.89432
4, 100, 7.87501
4, 100, 7.87515
4, 100, 7.8729
4, 100, 7.8831
4, 100, 7.87762
4, 100, 7.88562
4, 100, 7.86633
4, 100, 7.87893
4, 100, 7.85065
4, 250, 7.85536
4, 250, 7.86317
4, 250, 7.86893
4, 250, 7.85182
4, 250, 7.87886
4, 250, 7.8738
4, 250, 7.86423
4, 250, 7.86629
4, 250, 7.86675
4, 250, 7.88509
4, 250, 7.88659
4, 250, 7.91889
4, 250, 7.87567
4, 250, 7.87654
4, 250, 7.83242
4, 250, 7.84205
4, 250, 7.8424
4, 250, 7.84463
4, 250, 7.85632
4, 250, 7.92889
4, 250, 7.91859
4, 250, 7.93993
4, 250, 8.01632
4, 250, 7.91507
4, 250, 7.94222
4, 250, 7.98635
4, 250, 7.93617
4, 250, 7.91111
4, 250, 7.88075
4, 250, 7.85574
4, 250, 7.85305
4, 250, 7.84488
4, 250, 7.87674
4, 250, 7.95596
4, 250, 7.96665
4, 250, 7.92472
4, 250, 7.87038
4, 250, 7.92294
4, 250, 7.9572
4, 250, 7.94085
4, 250, 7.90863
4, 250, 7.93386
4, 250, 7.99229
4, 250, 7.98288
4, 250, 7.9357
4, 250, 7.91827
4, 250, 7.89829
4, 250, 7.88434
4, 250, 7.86429
4, 250, 7.88006
4, 250, 7.9011
4, 250, 7.93346
4, 250, 7.91786
4, 250, 7.92707
4, 250, 7.9192
4, 250, 7.87744
4, 250, 8.00335
4, 250, 7.91928
4, 250, 7.9599
4, 250, 7.9414
4, 250, 7.93884
4, 250, 7.91199
4, 250, 7.95193
4, 250, 8.01021
4, 250, 8.02343
4, 250, 7.97004
4, 250, 7.93522
4, 250, 8.06096
4, 250, 8.30524
4, 250, 7.99645
4, 250, 8.02536
4, 250, 8.05837
4, 250, 8.4502
4, 250, 8.87178
4, 250, 8.21481
4, 250, 8.21385
4, 250, 8.29656
4, 250, 8.22151
4, 250, 8.04891
4, 250, 8.09942
4, 250, 8.39144
4, 250, 8.29924
4, 250, 8.26665
4, 250, 8.22264
4, 250, 8.29517
4, 250, 8.00828
4, 250, 8.03995
4, 250, 8.11653
4, 250, 8.36116
4, 250, 8.39727
4, 250, 8.33299
4, 250, 8.41035
4, 250, 8.47575
4, 250, 8.14093
4, 250, 8.68838
4, 250, 8.36529
4, 250, 8.18582
4, 250, 8.30484
4, 250, 8.09845
4, 250, 8.03112
7, 1, 5.07588
7, 1, 4.85865
7, 1, 4.87871
7, 1, 4.85983
7, 1, 4.78331
7, 1, 4.85752
7, 1, 4.73073
7, 1, 4.71205
7, 1, 5.09016
7, 1, 4.85978
7, 1, 4.76342
7, 1, 4.73051
7, 1, 4.90906
7, 1, 4.84654
7, 1, 4.85473
7, 1, 4.61347
7, 1, 4.59119
7, 1, 4.6037
7, 1, 4.64211
7, 1, 4.65981
7, 1, 4.68209
7, 1, 4.62644
7, 1, 5.02332
7, 1, 4.72025
7, 1, 4.65231
7, 1, 4.67178
7, 1, 4.72994
7, 1, 4.66064
7, 1, 4.61134
7, 1, 4.71347
7, 1, 4.72942
7, 1, 4.70537
7, 1, 4.67182
7, 1, 4.63189
7, 1, 4.63692
7, 1, 4.6808
7, 1, 4.70751
7, 1, 4.67153
7, 1, 5.0829
7, 1, 5.63409
7, 1, 6.01582
7, 1, 4.82644
7, 1, 4.68857
7, 1, 4.69015
7, 1, 5.32972
7, 1, 5.39481
7, 1, 4.84059
7, 1, 4.87391
7, 1, 5.4545
7, 1, 5.97964
7, 1, 5.54207
7, 1, 4.61299
7, 1, 4.63023
7, 1, 4.86603
7, 1, 4.74942
7, 1, 4.69172
7, 1, 4.67192
7, 1, 4.83248
7, 1, 4.73334
7, 1, 4.71005
7, 1, 4.79507
7, 1, 4.65777
7, 1, 4.94557
7, 1, 5.96871
7, 1, 5.72325
7, 1, 5.66093
7, 1, 4.74673
7, 1, 4.70798
7, 1, 4.71026
7, 1, 4.77481
7, 1, 4.72388
7, 1, 4.73615
7, 1, 4.82819
7, 1, 4.71353
7, 1, 4.71748
7, 1, 4.71502
7, 1, 6.17486
7, 1, 4.95648
7, 1, 4.6867
7, 1, 5.63889
7, 1, 5.28752
7, 1, 5.18627
7, 1, 4.64482
7, 1, 5.21505
7, 1, 4.96732
7, 1, 4.92971
7, 1, 4.90706
7, 1, 5.09633
7, 1, 4.82411
7, 1, 4.64628
7, 1, 4.66456
7, 1, 4.65333
7, 1, 4.63986
7, 1, 4.68269
7, 1, 4.70047
7, 1, 4.68754
7, 1, 4.66562
7, 1, 5.13358
7, 1, 4.77534
7, 1, 4.67046
7, 10, 4.55523
7, 10, 4.74203
7, 10, 4.688
7, 10, 4.67133
7, 10, 4.85564
7, 10, 4.68898
7, 10, 4.62245
7, 10, 4.78296
7, 10, 4.70435
7, 10, 4.69136
7, 10, 4.66978
7, 10, 4.67844
7, 10, 4.68018
7, 10, 4.81701
7, 10, 4.69766
7, 10, 4.67659
7, 10, 4.79838
7, 10, 4.66907
7, 10, 4.71661
7, 10, 4.61915
7, 10, 4.64078
7, 10, 4.61502
7, 10, 4.66483
7, 10, 4.63905
7, 10, 4.6414
7, 10, 4.70189
7, 10, 4.6153
7, 10, 4.97927
7, 10, 5.38261
7, 10, 4.97049
7, 10, 4.65585
7, 10, 4.57795
7, 10, 4.64297
7, 10, 5.10085
7, 10, 4.73361
7, 10, 4.69003
7, 10, 5.18005
7, 10, 5.22102
7, 10, 5.39087
7, 10, 5.47666
7, 10, 5.13778
7, 10, 4.63269
7, 10, 5.02402
7, 10, 4.90361
7, 10, 4.76111
7, 10, 4.94514
7, 10, 5.15458
7, 10, 4.91078
7, 10, 5.31377
7, 10, 5.83263
7, 10, 5.86824
7, 10, 4.83555
7, 10, 4.72526
7, 10, 4.77306
7, 10, 4.73512
7, 10, 4.88977
7, 10, 5.61959
7, 10, 4.87676
7, 10, 5.11617
7, 10, 4.83081
7, 10, 4.67191
7, 10, 4.71218
7, 10, 4.69112
7, 10, 5.76756
7, 10, 5.83432
7, 10, 5.65366
7, 10, 4.75985
7, 10, 4.56866
7, 10, 4.70933
7, 10, 4.57479
7, 10, 4.62915
7, 10, 5.35813
7, 10, 5.28286
7, 10, 5.48215
7, 10, 4.67267
7, 10, 4.66642
7, 10, 5.12814
7, 10, 4.62467
7, 10, 5.64193
7, 10, 5.07959
7, 10, 4.64635
7, 10, 4.66098
7, 10, 5.43863
7, 10, 4.62466
7, 10, 4.67319
7, 10, 4.70102
7, 10, 4.72431
7, 10, 5.01936
7, 10, 5.23447
7, 10, 4.58645
7, 10, 5.25574
7, 10, 4.68585
7, 10, 4.68043
7, 10, 4.70804
7, 10, 4.82568
7, 10, 4.6396
7, 10, 4.56846
7, 10, 4.56694
7, 10, 4.99825
7, 10, 4.89638
7, 50, 4.7217
7, 50, 4.80457
7, 50, 4.74534
7, 50, 4.66648
7, 50, 4.72081
7, 50, 4.63633
7, 50, 4.64455
7, 50, 4.63765
7, 50, 4.75575
7, 50, 4.67724
7, 50, 4.65785
7, 50, 4.63618
7, 50, 4.64939
7, 50, 4.63825
7, 50, 4.63782
7, 50, 4.63136
7, 50, 4.63624
7, 50, 4.63098
7, 50, 4.63019
7, 50, 4.64585
7, 50, 4.62127
7, 50, 4.64459
7, 50, 4.63672
7, 50, 4.62602
7, 50, 4.62031
7, 50, 4.64705
7, 50, 4.63909
7, 50, 4.64706
7, 50, 4.67999
7, 50, 4.61709
7, 50, 4.65818
7, 50, 4.63095
7, 50, 4.63293
7, 50, 4.65471
7, 50, 4.62675
7, 50, 4.63813
7, 50, 4.62396
7, 50, 4.62751
7, 50, 4.63377
7, 50, 4.64299
7, 50, 4.63754
7, 50, 4.62987
7, 50, 4.62902
7, 50, 4.63016
7, 50, 4.6285
7, 50, 4.66718
7, 50, 4.63321
7, 50, 4.63343
7, 50, 4.67157
7, 50, 4.62467
7, 50, 4.64075
7, 50, 4.67359
7, 50, 4.64632
7, 50, 4.61903
7, 50, 4.63471
7, 50, 4.63071
7, 50, 4.62945
7, 50, 4.64098
7, 50, 4.63773
7, 50, 4.64564
7, 50, 4.61623
7, 50, 4.65158
7, 50, 4.62614
7, 50, 4.64241
7, 50, 4.65784
7, 50, 4.63149
7, 50, 4.68065
7, 50, 4.81049
7, 50, 4.64603
7, 50, 4.63199
7, 50, 4.65939
7, 50, 4.68127
7, 50, 4.79521
7, 50, 4.61243
7, 50, 4.62917
7, 50, 4.71081
7, 50, 4.62224
7, 50, 4.61352
7, 50, 4.67104
7, 50, 4.62268
7, 50, 4.61301
7, 50, 4.62073
7, 50, 4.64725
7, 50, 4.62627
7, 50, 4.61213
7, 50, 4.70316
7, 50, 4.6239
7, 50, 4.61349
7, 50, 4.62475
7, 50, 4.61649
7, 50, 4.62174
7, 50, 4.74576
7, 50, 4.6162
7, 50, 4.627
7, 50, 4.62595
7, 50, 4.62509
7, 50, 4.61237
7, 50, 4.6571
7, 50, 4.62062
7, 50, 4.65306
7, 100, 4.76368
7, 100, 4.76733
7, 100, 4.80572
7, 100, 4.80957
7, 100, 4.75833
7, 100, 4.77055
7, 100, 4.7667
7, 100, 4.76024
7, 100, 4.76319
7, 100, 4.793
7, 100, 4.76001
7, 100, 4.79984
7, 100, 4.80726
7, 100, 4.75656
7, 100, 4.76149
7, 100, 4.75614
7, 100, 4.76247
7, 100, 4.76111
7, 100, 4.78208
7, 100, 4.75711
7, 100, 4.77778
7, 100, 4.75855
7, 100, 4.75898
7, 100, 4.76292
7, 100, 4.76576
7, 100, 4.76409
7, 100, 4.76039
7, 100, 4.79778
7, 100, 4.75902
7, 100, 4.78157
7, 100, 4.8055
7, 100, 4.76409
7, 100, 4.76275
7, 100, 4.76574
7, 100, 4.8094
7, 100, 4.75867
7, 100, 4.76415
7, 100, 4.75693
7, 100, 4.79029
7, 100, 4.76229
7, 100, 4.78453
7, 100, 4.7553
7, 100, 4.7657
7, 100, 4.77674
7, 100, 4.76349
7, 100, 4.76624
7, 100, 4.77766
7, 100, 4.76521
7, 100, 4.76479
7, 100, 4.76716
7, 100, 4.76415
7, 100, 4.76389
7, 100, 4.79471
7, 100, 4.7635
7, 100, 4.76216
7, 100, 4.80573
7, 100, 4.75834
7, 100, 4.75973
7, 100, 4.80674
7, 100, 4.76031
7, 100, 4.76372
7, 100, 4.76457
7, 100, 4.75802
7, 100, 4.78678
7, 100, 4.85127
7, 100, 4.79018
7, 100, 4.80764
7, 100, 4.83812
7, 100, 4.80718
7, 100, 4.77985
7, 100, 4.85629
7, 100, 4.79508
7, 100, 4.79374
7, 100, 4.86889
7, 100, 4.81015
7, 100, 4.78626
7, 100, 4.83782
7, 100, 4.89369
7, 100, 4.81295
7, 100, 4.77862
7, 100, 4.75969
7, 100, 4.77272
7, 100, 4.77144
7, 100, 4.76786
7, 100, 4.79069
7, 100, 4.80861
7, 100, 4.75822
7, 100, 4.77965
7, 100, 4.80399
7, 100, 4.80703
7, 100, 4.76973
7, 100, 4.75942
7, 100, 4.77324
7, 100, 4.785
7, 100, 4.76442
7, 100, 4.76704
7, 100, 4.78082
7, 100, 4.75996
7, 100, 4.79373
7, 100, 4.7673
7, 250, 4.79698
7, 250, 4.7939
7, 250, 5.0185
7, 250, 4.78856
7, 250, 4.76715
7, 250, 4.82269
7, 250, 4.77755
7, 250, 4.77443
7, 250, 4.81984
7, 250, 4.89365
7, 250, 4.77083
7, 250, 4.79457
7, 250, 4.83858
7, 250, 4.8617
7, 250, 4.82699
7, 250, 4.78942
7, 250, 4.78729
7, 250, 4.78297
7, 250, 4.78046
7, 250, 4.83255
7, 250, 4.7948
7, 250, 4.77007
7, 250, 4.83559
7, 250, 4.77167
7, 250, 4.77386
7, 250, 4.82237
7, 250, 4.77603
7, 250, 4.77551
7, 250, 4.83015
7, 250, 4.77076
7, 250, 4.78313
7, 250, 4.77441
7, 250, 4.77126
7, 250, 4.78476
7, 250, 4.79097
7, 250, 4.78198
7, 250, 4.78187
7, 250, 4.77938
7, 250, 4.78253
7, 250, 4.78615
7, 250, 4.77082
7, 250, 4.78796
7, 250, 4.76936
7, 250, 4.79147
7, 250, 4.77916
7, 250, 4.77231
7, 250, 4.81026
7, 250, 4.77442
7, 250, 4.77965
7, 250, 4.80612
7, 250, 4.78046
7, 250, 4.78237
7, 250, 4.82438
7, 250, 4.7704
7, 250, 4.78482
7, 250, 4.81085
7, 250, 4.76981
7, 250, 4.82374
7, 250, 4.83613
7, 250, 4.79337
7, 250, 4.78016
7, 250, 4.78621
7, 250, 4.77969
7, 250, 4.78247
7, 250, 4.78443
7, 250, 4.78505
7, 250, 4.77205
7, 250, 4.80564
7, 250, 4.76639
7, 250, 4.761
7, 250, 4.79029
7, 250, 4.76447
7, 250, 4.76253
7, 250, 4.77941
7, 250, 4.76317
7, 250, 4.77047
7, 250, 4.81038
7, 250, 4.76273
7, 250, 4.78142
7, 250, 4.77805
7, 250, 4.76677
7, 250, 4.8201
7, 250, 4.76351
7, 250, 4.78592
7, 250, 4.77687
7, 250, 4.77577
7, 250, 4.77229
7, 250, 4.78745
7, 250, 4.76623
7, 250, 4.79071
7, 250, 4.88172
7, 250, 4.79069
7, 250, 4.77362
7, 250, 4.86916
7, 250, 4.78991
7, 250, 4.7732
7, 250, 4.80844
7, 250, 4.79659
7, 250, 4.80654
7, 250, 4.84136
8, 1, 4.05244
8, 1, 4.0379
8, 1, 4.0266
8, 1, 4.09059
8, 1, 4.02838
8, 1, 4.03642
8, 1, 4.11237
8, 1, 4.01952
8, 1, 4.04392
8, 1, 4.02412
8, 1, 4.06624
8, 1, 4.02156
8, 1, 4.0227
8, 1, 4.11304
8, 1, 4.0215
8, 1, 4.02678
8, 1, 4.02355
8, 1, 4.11913
8, 1, 4.10188
8, 1, 4.02881
8, 1, 4.13092
8, 1, 4.03572
8, 1, 4.03149
8, 1, 4.07816
8, 1, 4.05833
8, 1, 4.04474
8, 1, 4.03623
8, 1, 4.04708
8, 1, 4.04573
8, 1, 4.02992
8, 1, 4.03445
8, 1, 4.07093
8, 1, 4.06956
8, 1, 4.04848
8, 1, 4.04303
8, 1, 4.0365
8, 1, 4.05577
8, 1, 4.02904
8, 1, 4.03898
8, 1, 4.05394
8, 1, 4.02826
8, 1, 4.0393
8, 1, 4.07631
8, 1, 4.04008
8, 1, 4.02736
8, 1, 4.02849
8, 1, 4.07895
8, 1, 4.0332
8, 1, 4.03967
8, 1, 4.05107
8, 1, 4.05268
8, 1, 4.15261
8, 1, 4.07743
8, 1, 4.0644
8, 1, 4.04881
8, 1, 4.07324
8, 1, 4.11062
8, 1, 4.03891
8, 1, 4.06848
8, 1, 4.13516
8, 1, 4.03735
8, 1, 4.03278
8, 1, 4.03029
8, 1, 4.11482
8, 1, 4.06943
8, 1, 4.08152
8, 1, 4.07783
8, 1, 4.02998
8, 1, 4.0518
8, 1, 4.07074
8, 1, 4.03109
8, 1, 4.03109
8, 1, 4.02734
8, 1, 4.047
8, 1, 4.04215
8, 1, 4.02733
8, 1, 4.04229
8, 1, 4.05263
8, 1, 4.06405
8, 1, 4.03274
8, 1, 4.02804
8, 1, 4.06252
8, 1, 4.0285
8, 1, 4.04893
8, 1, 4.02852
8, 1, 4.04612
8, 1, 4.04378
8, 1, 4.02781
8, 1, 4.08534
8, 1, 4.0293
8, 1, 4.03773
8, 1, 4.04571
8, 1, 4.03575
8, 1, 4.11685
8, 1, 4.10483
8, 1, 4.09504
8, 1, 4.10552
8, 1, 4.13842
8, 1, 4.10575
8, 1, 4.10173
8, 10, 4.11408
8, 10, 4.09395
8, 10, 4.01319
8, 10, 4.03409
8, 10, 4.05462
8, 10, 4.02399
8, 10, 4.03343
8, 10, 4.00747
8, 10, 4.02104
8, 10, 4.04789
8, 10, 4.00808
8, 10, 4.09362
8, 10, 4.05298
8, 10, 4.03348
8, 10, 4.01788
8, 10, 4.02997
8, 10, 4.0282
8, 10, 4.03606
8, 10, 4.08502
8, 10, 4.1563
8, 10, 4.0402
8, 10, 4.08341
8, 10, 4.17627
8, 10, 4.03968
8, 10, 4.02058
8, 10, 4.02386
8, 10, 4.04108
8, 10, 4.01908
8, 10, 4.04521
8, 10, 4.05395
8, 10, 4.04954
8, 10, 4.04661
8, 10, 4.01537
8, 10, 4.04029
8, 10, 4.03355
8, 10, 4.03054
8, 10, 4.03817
8, 10, 4.03474
8, 10, 4.04582
8, 10, 4.02227
8, 10, 4.0198
8, 10, 4.12312
8, 10, 4.01865
8, 10, 4.04876
8, 10, 4.03217
8, 10, 4.08552
8, 10, 4.01178
8, 10, 4.01558
8, 10, 4.20082
8, 10, 3.99769
8, 10, 4.01565
8, 10, 4.02531
8, 10, 4.09001
8, 10, 4.06961
8, 10, 4.13852
8, 10, 4.05462
8, 10, 4.12205
8, 10, 4.05517
8, 10, 4.0702
8, 10, 4.08623
8, 10, 4.04908
8, 10, 4.07721
8, 10, 4.03563
8, 10, 4.0554
8, 10, 4.05075
8, 10, 4.03245
8, 10, 4.02388
8, 10, 4.01344
8, 10, 4.13852
8, 10, 4.01007
8, 10, 4.01969
8, 10, 4.02283
8, 10, 4.02901
8, 10, 4.01718
8, 10, 4.01954
8, 10, 4.05257
8, 10, 4.14764
8, 10, 4.03036
8, 10, 4.02657
8, 10, 4.01749
8, 10, 4.01712
8, 10, 4.03695
8, 10, 4.04243
8, 10, 4.04902
8, 10, 4.1322
8, 10, 4.03781
8, 10, 4.03154
8, 10, 4.01365
8, 10, 4.02997
8, 10, 4.02483
8, 10, 4.10636
8, 10, 4.05246
8, 10, 4.03516
8, 10, 4.0494
8, 10, 4.10881
8, 10, 4.04892
8, 10, 4.0441
8, 10, 4.02528
8, 10, 4.06551
8, 10, 4.03337
8, 50, 4.00218
8, 50, 4.05765
8, 50, 4.07398
8, 50, 4.06836
8, 50, 4.06723
8, 50, 4.03585
8, 50, 4.12708
8, 50, 4.01415
8, 50, 4.02873
8, 50, 4.07826
8, 50, 4.12544
8, 50, 4.0154
8, 50, 4.02368
8, 50, 4.08728
8, 50, 4.0376
8, 50, 4.03366
8, 50, 4.05824
8, 50, 4.04358
8, 50, 4.02016
8, 50, 4.01964
8, 50, 4.09722
8, 50, 4.055
8, 50, 4.04287
8, 50, 4.04904
8, 50, 4.04753
8, 50, 4.00115
8, 50, 4.02138
8, 50, 4.039
8, 50, 4.01876
8, 50, 4.01839
8, 50, 4.00041
8, 50, 4.01586
8, 50, 4.00615
8, 50, 4.02129
8, 50, 4.07378
8, 50, 4.1149
8, 50, 4.09382
8, 50, 4.00533
8, 50, 4.01194
8, 50, 4.03005
8, 50, 4.00317
8, 50, 4.01027
8, 50, 4.00652
8, 50, 4.08052
8, 50, 4.01125
8, 50, 4.00309
8, 50, 4.01596
8, 50, 4.17756
8, 50, 4.04095
8, 50, 4.04086
8, 50, 4.04074
8, 50, 4.01342
8, 50, 4.02598
8, 50, 4.03664
8, 50, 4.12487
8, 50, 3.9846
8, 50, 4.02549
8, 50, 4.09364
8, 50, 4.01438
8, 50, 4.04063
8, 50, 4.02796
8, 50, 4.16181
8, 50, 4.05717
8, 50, 4.00606
8, 50, 4.00787
8, 50, 4.00478
8, 50, 4.0447
8, 50, 4.05228
8, 50, 4.03982
8, 50, 4.05625
8, 50, 3.99753
8, 50, 4.00545
8, 50, 4.01446
8, 50, 4.02365
8, 50, 4.11262
8, 50, 4.03046
8, 50, 4.04377
8, 50, 4.04274
8, 50, 4.01253
8, 50, 4.03741
8, 50, 4.06383
8, 50, 4.00659
8, 50, 4.0075
8, 50, 4.03079
8, 50, 4.06884
8, 50, 4.02627
8, 50, 4.0774
8, 50, 4.25061
8, 50, 4.00061
8, 50, 4.00404
8, 50, 4.00731
8, 50, 4.19308
8, 50, 4.02247
8, 50, 4.00592
8, 50, 4.0053
8, 50, 4.0483
8, 50, 4.12966
8, 50, 4.02008
8, 50, 4.03923
8, 50, 4.02847
8, 100, 4.16166
8, 100, 4.14997
8, 100, 4.25397
8, 100, 4.16709
8, 100, 4.15833
8, 100, 4.20283
8, 100, 4.18195
8, 100, 4.19139
8, 100, 4.23496
8, 100, 4.2584
8, 100, 4.15783
8, 100, 4.15945
8, 100, 4.19275
8, 100, 4.20359
8, 100, 4.17084
8, 100, 4.14881
8, 100, 4.14926
8, 100, 4.21277
8, 100, 4.2053
8, 100, 4.17358
8, 100, 4.14952
8, 100, 4.1646
8, 100, 4.2074
8, 100, 4.18554
8, 100, 4.19124
8, 100, 4.26947
8, 100, 4.15269
8, 100, 4.16182
8, 100, 4.17692
8, 100, 4.16335
8, 100, 4.17648
8, 100, 4.18608
8, 100, 4.18418
8, 100, 4.17744
8, 100, 4.19712
8, 100, 4.15602
8, 100, 4.14955
8, 100, 4.29293
8, 100, 4.15164
8, 100, 4.16932
8, 100, 4.14972
8, 100, 4.16905
8, 100, 4.15562
8, 100, 4.14837
8, 100, 4.21531
8, 100, 4.22791
8, 100, 4.23625
8, 100, 4.23169
8, 100, 4.27625
8, 100, 4.1667
8, 100, 4.15415
8, 100, 4.2033
8, 100, 4.17995
8, 100, 4.16623
8, 100, 4.16903
8, 100, 4.38059
8, 100, 4.18955
8, 100, 4.16043
8, 100, 4.15107
8, 100, 4.29977
8, 100, 4.16059
8, 100, 4.17162
8, 100, 4.22295
8, 100, 4.16015
8, 100, 4.14947
8, 100, 4.14762
8, 100, 4.17484
8, 100, 4.14812
8, 100, 4.14888
8, 100, 4.21788
8, 100, 4.14353
8, 100, 4.16516
8, 100, 4.14405
8, 100, 4.17143
8, 100, 4.1477
8, 100, 4.14548
8, 100, 4.18368
8, 100, 4.14374
8, 100, 4.15829
8, 100, 4.15733
8, 100, 4.19065
8, 100, 4.24273
8, 100, 4.19835
8, 100, 4.16207
8, 100, 4.14696
8, 100, 4.16724
8, 100, 4.1633
8, 100, 4.22776
8, 100, 4.24979
8, 100, 4.21498
8, 100, 4.18272
8, 100, 4.312
8, 100, 4.18647
8, 100, 4.18538
8, 100, 4.16733
8, 100, 4.15783
8, 100, 4.19548
8, 100, 4.19417
8, 100, 4.1777
8, 100, 4.15487
8, 250, 4.00277
8, 250, 4.0438
8, 250, 3.99774
8, 250, 4.01907
8, 250, 4.06215
8, 250, 4.04881
8, 250, 4.03785
8, 250, 4.08621
8, 250, 4.06523
8, 250, 3.99548
8, 250, 3.99639
8, 250, 4.00586
8, 250, 4.03352
8, 250, 4.01798
8, 250, 3.999
8, 250, 4.0058
8, 250, 4.01544
8, 250, 4.00062
8, 250, 4.11607
8, 250, 4.10766
8, 250, 4.03516
8, 250, 4.06145
8, 250, 4.0052
8, 250, 4.03083
8, 250, 4.05211
8, 250, 4.01081
8, 250, 4.0313
8, 250, 4.06221
8, 250, 4.01741
8, 250, 3.9976
8, 250, 3.99229
8, 250, 4.0452
8, 250, 4.01696
8, 250, 3.99169
8, 250, 4.00776
8, 250, 4.038
8, 250, 4.01559
8, 250, 4.1064
8, 250, 3.99742
8, 250, 3.99901
8, 250, 3.99487
8, 250, 4.02973
8, 250, 3.99765
8, 250, 4.02612
8, 250, 4.16092
8, 250, 4.01663
8, 250, 4.01287
8, 250, 3.995
8, 250, 4.02989
8, 250, 4.0131
8, 250, 3.9909
8, 250, 4.0877
8, 250, 4.00893
8, 250, 3.99222
8, 250, 4.02187
8, 250, 4.04766
8, 250, 4.01966
8, 250, 4.01446
8, 250, 3.99114
8, 250, 4.05277
8, 250, 4.03137
8, 250, 4.02383
8, 250, 4.04125
8, 250, 4.06446
8, 250, 4.02319
8, 250, 3.99429
8, 250, 4.00726
8, 250, 4.02135
8, 250, 4.01392
8, 250, 4.03113
8, 250, 4.0005
8, 250, 3.99734
8, 250, 4.03242
8, 250, 3.99484
8, 250, 4.00345
8, 250, 4.04569
8, 250, 3.98833
8, 250, 4.0187
8, 250, 3.98794
8, 250, 4.09897
8, 250, 3.99556
8, 250, 3.99329
8, 250, 4.01396
8, 250, 4.01201
8, 250, 3.99196
8, 250, 3.99522
8, 250, 4.01518
8, 250, 4.03614
8, 250, 3.98962
8, 250, 3.99092
8, 250, 4.00665
8, 250, 4.03026
8, 250, 4.00017
8, 250, 3.98716
8, 250, 3.98034
8, 250, 4.04713
8, 250, 3.9846
8, 250, 3.99564
8, 250, 4.02851
8, 250, 3.99006
16, 1, 2.16791
16, 1, 2.10054
16, 1, 2.09651
16, 1, 2.08864
16, 1, 2.08886
16, 1, 2.12165
16, 1, 2.0873
16, 1, 2.08463
16, 1, 2.07583
16, 1, 2.08265
16, 1, 2.0865
16, 1, 2.13165
16, 1, 2.0854
16, 1, 2.08249
16, 1, 2.07832
16, 1, 2.08822
16, 1, 2.08634
16, 1, 2.13125
16, 1, 2.13682
16, 1, 2.077
16, 1, 2.0854
16, 1, 2.09171
16, 1, 2.08965
16, 1, 2.0804
16, 1, 2.11267
16, 1, 2.09284
16, 1, 2.08625
16, 1, 2.08473
16, 1, 2.07954
16, 1, 2.07913
16, 1, 2.11984
16, 1, 2.13096
16, 1, 2.15423
16, 1, 2.07971
16, 1, 2.09454
16, 1, 2.11596
16, 1, 2.09189
16, 1, 2.08486
16, 1, 2.07863
16, 1, 2.07724
16, 1, 2.11696
16, 1, 2.08896
16, 1, 2.08625
16, 1, 2.07946
16, 1, 2.08372
16, 1, 2.08684
16, 1, 2.11002
16, 1, 2.09496
16, 1, 2.07816
16, 1, 2.08274
16, 1, 2.08747
16, 1, 2.09449
16, 1, 2.09736
16, 1, 2.08537
16, 1, 2.07868
16, 1, 2.09217
16, 1, 2.08927
16, 1, 2.08847
16, 1, 2.09593
16, 1, 2.08982
16, 1, 2.0876
16, 1, 2.08627
16, 1, 2.08837
16, 1, 2.07959
16, 1, 2.07827
16, 1, 2.09629
16, 1, 2.10041
16, 1, 2.08824
16, 1, 2.08226
16, 1, 2.08171
16, 1, 2.09449
16, 1, 2.11865
16, 1, 2.08889
16, 1, 2.07948
16, 1, 2.08651
16, 1, 2.09237
16, 1, 2.08997
16, 1, 2.10169
16, 1, 2.09099
16, 1, 2.0795
16, 1, 2.11417
16, 1, 2.08871
16, 1, 2.08584
16, 1, 2.0989
16, 1, 2.08055
16, 1, 2.09396
16, 1, 2.08793
16, 1, 2.08678
16, 1, 2.0808
16, 1, 2.10164
16, 1, 2.08793
16, 1, 2.09073
16, 1, 2.08773
16, 1, 2.08926
16, 1, 2.08574
16, 1, 2.09313
16, 1, 2.09929
16, 1, 2.10905
16, 1, 2.08327
16, 1, 2.08429
16, 10, 2.10214
16, 10, 2.10766
16, 10, 2.11931
16, 10, 2.0811
16, 10, 2.09823
16, 10, 2.0903
16, 10, 2.09368
16, 10, 2.10143
16, 10, 2.09634
16, 10, 2.08264
16, 10, 2.0897
16, 10, 2.09469
16, 10, 2.10094
16, 10, 2.09223
16, 10, 2.08391
16, 10, 2.09674
16, 10, 2.09693
16, 10, 2.09763
16, 10, 2.08288
16, 10, 2.09545
16, 10, 2.08984
16, 10, 2.08805
16, 10, 2.09061
16, 10, 2.10743
16, 10, 2.08553
16, 10, 2.09082
16, 10, 2.09809
16, 10, 2.10374
16, 10, 2.08523
16, 10, 2.09384
16, 10, 2.09574
16, 10, 2.10661
16, 10, 2.09035
16, 10, 2.11596
16, 10, 2.08624
16, 10, 2.09187
16, 10, 2.08762
16, 10, 2.10718
16, 10, 2.09287
16, 10, 2.08672
16, 10, 2.09153
16, 10, 2.08968
16, 10, 2.09989
16, 10, 2.10169
16, 10, 2.08303
16, 10, 2.09613
16, 10, 2.10948
16, 10, 2.09165
16, 10, 2.07968
16, 10, 2.10298
16, 10, 2.09522
16, 10, 2.08735
16, 10, 2.08838
16, 10, 2.09316
16, 10, 2.0838
16, 10, 2.09887
16, 10, 2.08903
16, 10, 2.1016
16, 10, 2.07969
16, 10, 2.08254
16, 10, 2.09388
16, 10, 2.15014
16, 10, 2.097
16, 10, 2.0798
16, 10, 2.08622
16, 10, 2.10394
16, 10, 2.09148
16, 10, 2.09005
16, 10, 2.10429
16, 10, 2.0808
16, 10, 2.08842
16, 10, 2.08827
16, 10, 2.09652
16, 10, 2.07469
16, 10, 2.09041
16, 10, 2.08939
16, 10, 2.09253
16, 10, 2.09119
16, 10, 2.0763
16, 10, 2.07949
16, 10, 2.09558
16, 10, 2.08787
16, 10, 2.084
16, 10, 2.07607
16, 10, 2.0808
16, 10, 2.08277
16, 10, 2.09427
16, 10, 2.08447
16, 10, 2.07729
16, 10, 2.08752
16, 10, 2.09056
16, 10, 2.0882
16, 10, 2.13472
16, 10, 2.07621
16, 10, 2.07553
16, 10, 2.0938
16, 10, 2.08528
16, 10, 2.08572
16, 10, 2.08305
16, 10, 2.08955
16, 50, 2.14222
16, 50, 2.14314
16, 50, 2.14625
16, 50, 2.15088
16, 50, 2.15564
16, 50, 2.15097
16, 50, 2.15177
16, 50, 2.1444
16, 50, 2.18512
16, 50, 2.13591
16, 50, 2.16729
16, 50, 2.14436
16, 50, 2.14831
16, 50, 2.1439
16, 50, 2.14012
16, 50, 2.1362
16, 50, 2.18966
16, 50, 2.15608
16, 50, 2.14385
16, 50, 2.14079
16, 50, 2.13569
16, 50, 2.16936
16, 50, 2.1573
16, 50, 2.1417
16, 50, 2.14233
16, 50, 2.15153
16, 50, 2.13705
16, 50, 2.16208
16, 50, 2.15405
16, 50, 2.14605
16, 50, 2.14307
16, 50, 2.13759
16, 50, 2.14083
16, 50, 2.15425
16, 50, 2.15717
16, 50, 2.14084
16, 50, 2.134
16, 50, 2.13834
16, 50, 2.15562
16, 50, 2.15815
16, 50, 2.14507
16, 50, 2.14009
16, 50, 2.14894
16, 50, 2.14162
16, 50, 2.14507
16, 50, 2.15784
16, 50, 2.1459
16, 50, 2.15056
16, 50, 2.13801
16, 50, 2.14511
16, 50, 2.18119
16, 50, 2.15967
16, 50, 2.13905
16, 50, 2.1374
16, 50, 2.14466
16, 50, 2.15518
16, 50, 2.15371
16, 50, 2.14387
16, 50, 2.14121
16, 50, 2.13729
16, 50, 2.178
16, 50, 2.1469
16, 50, 2.15829
16, 50, 2.13703
16, 50, 2.15133
16, 50, 2.14559
16, 50, 2.14519
16, 50, 2.14523
16, 50, 2.17573
16, 50, 2.15502
16, 50, 2.14498
16, 50, 2.14719
16, 50, 2.14524
16, 50, 2.15293
16, 50, 2.13688
16, 50, 2.13901
16, 50, 2.15886
16, 50, 2.17241
16, 50, 2.14644
16, 50, 2.14662
16, 50, 2.13644
16, 50, 2.1542
16, 50, 2.15638
16, 50, 2.1461
16, 50, 2.15112
16, 50, 2.13574
16, 50, 2.13802
16, 50, 2.14613
16, 50, 2.14748
16, 50, 2.14789
16, 50, 2.1486
16, 50, 2.13625
16, 50, 2.14053
16, 50, 2.15915
16, 50, 2.15463
16, 50, 2.15265
16, 50, 2.13799
16, 50, 2.1413
16, 50, 2.14787
16, 50, 2.16236
16, 100, 2.3051
16, 100, 2.31026
16, 100, 2.30009
16, 100, 2.30013
16, 100, 2.31258
16, 100, 2.30545
16, 100, 2.30748
16, 100, 2.30913
16, 100, 2.30613
16, 100, 2.31434
16, 100, 2.29645
16, 100, 2.30757
16, 100, 2.30743
16, 100, 2.30645
16, 100, 2.30413
16, 100, 2.31205
16, 100, 2.30562
16, 100, 2.29466
16, 100, 2.29558
16, 100, 2.338
16, 100, 2.32149
16, 100, 2.30585
16, 100, 2.30586
16, 100, 2.3118
16, 100, 2.30581
16, 100, 2.29693
16, 100, 2.32329
16, 100, 2.31164
16, 100, 2.30548
16, 100, 2.30459
16, 100, 2.30477
16, 100, 2.31062
16, 100, 2.30723
16, 100, 2.29852
16, 100, 2.30488
16, 100, 2.31082
16, 100, 2.30644
16, 100, 2.31808
16, 100, 2.30962
16, 100, 2.29986
16, 100, 2.29808
16, 100, 2.29919
16, 100, 2.30725
16, 100, 2.30749
16, 100, 2.30642
16, 100, 2.30798
16, 100, 2.30335
16, 100, 2.30018
16, 100, 2.31249
16, 100, 2.30638
16, 100, 2.30968
16, 100, 2.30727
16, 100, 2.3113
16, 100, 2.31489
16, 100, 2.29555
16, 100, 2.29854
16, 100, 2.30568
16, 100, 2.31109
16, 100, 2.30474
16, 100, 2.30878
16, 100, 2.30818
16, 100, 2.30247
16, 100, 2.29622
16, 100, 2.30693
16, 100, 2.30681
16, 100, 2.31427
16, 100, 2.30997
16, 100, 2.30531
16, 100, 2.30644
16, 100, 2.3021
16, 100, 2.35411
16, 100, 2.30722
16, 100, 2.32868
16, 100, 2.31736
16, 100, 2.31397
16, 100, 2.31856
16, 100, 2.347
16, 100, 2.29997
16, 100, 2.30236
16, 100, 2.31296
16, 100, 2.31648
16, 100, 2.3213
16, 100, 2.3136
16, 100, 2.35973
16, 100, 2.30505
16, 100, 2.30192
16, 100, 2.30586
16, 100, 2.32717
16, 100, 2.31007
16, 100, 2.31334
16, 100, 2.31108
16, 100, 2.30688
16, 100, 2.30053
16, 100, 2.35489
16, 100, 2.31271
16, 100, 2.31278
16, 100, 2.30964
16, 100, 2.32298
16, 100, 2.3097
16, 100, 2.30124
16, 250, 2.47208
16, 250, 2.46505
16, 250, 2.46887
16, 250, 2.46754
16, 250, 2.46784
16, 250, 2.52072
16, 250, 2.47589
16, 250, 2.47377
16, 250, 2.47557
16, 250, 2.47215
16, 250, 2.49963
16, 250, 2.46367
16, 250, 2.47831
16, 250, 2.46509
16, 250, 2.47623
16, 250, 2.53832
16, 250, 2.53102
16, 250, 2.47647
16, 250, 2.47626
16, 250, 2.47771
16, 250, 2.49104
16, 250, 2.50165
16, 250, 2.47798
16, 250, 2.46251
16, 250, 2.47519
16, 250, 2.46376
16, 250, 2.47259
16, 250, 2.55098
16, 250, 2.48276
16, 250, 2.4713
16, 250, 2.4735
16, 250, 2.46989
16, 250, 2.47601
16, 250, 2.48203
16, 250, 2.46524
16, 250, 2.47368
16, 250, 2.46117
16, 250, 2.46147
16, 250, 2.48204
16, 250, 2.46845
16, 250, 2.47236
16, 250, 2.46649
16, 250, 2.46499
16, 250, 2.50486
16, 250, 2.53234
16, 250, 2.46956
16, 250, 2.46591
16, 250, 2.46627
16, 250, 2.45925
16, 250, 2.46847
16, 250, 2.46756
16, 250, 2.47232
16, 250, 2.4733
16, 250, 2.46775
16, 250, 2.47536
16, 250, 2.4819
16, 250, 2.46696
16, 250, 2.46723
16, 250, 2.46511
16, 250, 2.45946
16, 250, 2.47098
16, 250, 2.46009
16, 250, 2.46785
16, 250, 2.46749
16, 250, 2.46731
16, 250, 2.46988
16, 250, 2.48093
16, 250, 2.46886
16, 250, 2.47063
16, 250, 2.47028
16, 250, 2.46194
16, 250, 2.51586
16, 250, 2.46033
16, 250, 2.51535
16, 250, 2.47105
16, 250, 2.46653
16, 250, 2.46691
16, 250, 2.47788
16, 250, 2.48088
16, 250, 2.47672
16, 250, 2.46715
16, 250, 2.46723
16, 250, 2.46614
16, 250, 2.45905
16, 250, 2.46692
16, 250, 2.46323
16, 250, 2.4656
16, 250, 2.46508
16, 250, 2.46432
16, 250, 2.47129
16, 250, 2.47895
16, 250, 2.5014
16, 250, 2.46932
16, 250, 2.50151
16, 250, 2.4622
16, 250, 2.4626
16, 250, 2.45838
16, 250, 2.4697
16, 250, 2.48847
16, 250, 2.46979
20, 1, 1.76566
20, 1, 1.72807
20, 1, 1.71998
20, 1, 1.73178
20, 1, 1.72243
20, 1, 1.71748
20, 1, 1.72771
20, 1, 1.76339
20, 1, 1.76718
20, 1, 1.72899
20, 1, 1.72308
20, 1, 1.71954
20, 1, 1.76854
20, 1, 1.72088
20, 1, 1.71413
20, 1, 1.76847
20, 1, 1.72246
20, 1, 1.81036
20, 1, 1.69322
20, 1, 1.70495
20, 1, 1.70316
20, 1, 1.69512
20, 1, 1.83651
20, 1, 1.73598
20, 1, 1.70272
20, 1, 1.70482
20, 1, 1.70783
20, 1, 1.7246
20, 1, 1.70609
20, 1, 1.70273
20, 1, 1.7147
20, 1, 1.72581
20, 1, 1.74394
20, 1, 1.69485
20, 1, 1.69249
20, 1, 1.70572
20, 1, 1.69402
20, 1, 1.69563
20, 1, 1.70132
20, 1, 1.7303
20, 1, 1.70614
20, 1, 1.72097
20, 1, 1.70201
20, 1, 1.70121
20, 1, 1.70718
20, 1, 1.71548
20, 1, 1.71839
20, 1, 1.7095
20, 1, 1.76158
20, 1, 1.69363
20, 1, 1.69991
20, 1, 1.71064
20, 1, 1.69351
20, 1, 1.72371
20, 1, 1.70559
20, 1, 1.69669
20, 1, 1.69629
20, 1, 1.71181
20, 1, 1.72648
20, 1, 1.69287
20, 1, 1.7042
20, 1, 1.71804
20, 1, 1.69441
20, 1, 1.72894
20, 1, 1.70407
20, 1, 1.72713
20, 1, 1.71945
20, 1, 1.70471
20, 1, 1.69806
20, 1, 1.7147
20, 1, 1.71444
20, 1, 1.69421
20, 1, 1.70806
20, 1, 1.7122
20, 1, 1.7043
20, 1, 1.75292
20, 1, 1.70605
20, 1, 1.69465
20, 1, 1.69877
20, 1, 1.73968
20, 1, 1.6961
20, 1, 1.70965
20, 1, 1.7051
20, 1, 1.69538
20, 1, 1.7449
20, 1, 1.70653
20, 1, 1.70024
20, 1, 1.69361
20, 1, 1.71611
20, 1, 1.72714
20, 1, 1.6946
20, 1, 1.7041
20, 1, 1.70537
20, 1, 1.6955
20, 1, 1.72042
20, 1, 1.74463
20, 1, 1.76025
20, 1, 1.70221
20, 1, 1.70544
20, 1, 1.69862
20, 10, 1.69405
20, 10, 1.69472
20, 10, 1.76169
20, 10, 1.68017
20, 10, 1.69148
20, 10, 1.69863
20, 10, 1.68151
20, 10, 1.69324
20, 10, 1.68216
20, 10, 1.71787
20, 10, 1.71257
20, 10, 1.68729
20, 10, 1.68197
20, 10, 1.69241
20, 10, 1.68946
20, 10, 1.70297
20, 10, 1.74542
20, 10, 1.75489
20, 10, 1.69408
20, 10, 1.69202
20, 10, 1.70971
20, 10, 1.68246
20, 10, 1.69059
20, 10, 1.69401
20, 10, 1.68201
20, 10, 1.70526
20, 10, 1.69379
20, 10, 1.68797
20, 10, 1.68541
20, 10, 1.69171
20, 10, 1.68108
20, 10, 1.70965
20, 10, 1.69218
20, 10, 1.68052
20, 10, 1.69296
20, 10, 1.69282
20, 10, 1.7041
20, 10, 1.68459
20, 10, 1.69414
20, 10, 1.68199
20, 10, 1.6805
20, 10, 1.72031
20, 10, 1.68006
20, 10, 1.69602
20, 10, 1.70254
20, 10, 1.6876
20, 10, 1.68355
20, 10, 1.69004
20, 10, 1.69093
20, 10, 1.68003
20, 10, 1.69403
20, 10, 1.68984
20, 10, 1.69755
20, 10, 1.69205
20, 10, 1.69224
20, 10, 1.68281
20, 10, 1.6899
20, 10, 1.70717
20, 10, 1.68027
20, 10, 1.71382
20, 10, 1.69473
20, 10, 1.68109
20, 10, 1.72109
20, 10, 1.75858
20, 10, 1.74047
20, 10, 1.68345
20, 10, 1.78221
20, 10, 1.7025
20, 10, 1.68021
20, 10, 1.69046
20, 10, 1.68085
20, 10, 1.68197
20, 10, 1.6915
20, 10, 1.72839
20, 10, 1.73962
20, 10, 1.71019
20, 10, 1.68763
20, 10, 1.68485
20, 10, 1.75562
20, 10, 1.69177
20, 10, 1.70656
20, 10, 1.7126
20, 10, 1.68997
20, 10, 1.70126
20, 10, 1.68745
20, 10, 1.69023
20, 10, 1.68293
20, 10, 1.68414
20, 10, 1.7249
20, 10, 1.68092
20, 10, 1.70419
20, 10, 1.71367
20, 10, 1.68206
20, 10, 1.69652
20, 10, 1.69099
20, 10, 1.68244
20, 10, 1.68072
20, 10, 1.69096
20, 10, 1.68682
20, 10, 1.68579
20, 50, 1.68794
20, 50, 1.68057
20, 50, 1.67636
20, 50, 1.69082
20, 50, 1.71438
20, 50, 1.68946
20, 50, 1.68986
20, 50, 1.68509
20, 50, 1.67806
20, 50, 1.70961
20, 50, 1.68827
20, 50, 1.67735
20, 50, 1.68915
20, 50, 1.69035
20, 50, 1.69504
20, 50, 1.68815
20, 50, 1.68811
20, 50, 1.68587
20, 50, 1.6931
20, 50, 1.69041
20, 50, 1.70769
20, 50, 1.73605
20, 50, 1.68542
20, 50, 1.67669
20, 50, 1.68042
20, 50, 1.69806
20, 50, 1.67853
20, 50, 1.70798
20, 50, 1.6874
20, 50, 1.67705
20, 50, 1.71233
20, 50, 1.68764
20, 50, 1.67805
20, 50, 1.67797
20, 50, 1.68974
20, 50, 1.70278
20, 50, 1.67612
20, 50, 1.7129
20, 50, 1.73803
20, 50, 1.68493
20, 50, 1.69162
20, 50, 1.68394
20, 50, 1.67779
20, 50, 1.68906
20, 50, 1.71949
20, 50, 1.69917
20, 50, 1.72497
20, 50, 1.68523
20, 50, 1.67905
20, 50, 1.68367
20, 50, 1.68647
20, 50, 1.69171
20, 50, 1.70714
20, 50, 1.68765
20, 50, 1.67862
20, 50, 1.6812
20, 50, 1.73629
20, 50, 1.6792
20, 50, 1.6824
20, 50, 1.72511
20, 50, 1.70883
20, 50, 1.75103
20, 50, 1.69704
20, 50, 1.67954
20, 50, 1.67829
20, 50, 1.68859
20, 50, 1.76974
20, 50, 1.67545
20, 50, 1.74728
20, 50, 1.68672
20, 50, 1.67771
20, 50, 1.68813
20, 50, 1.6915
20, 50, 1.67721
20, 50, 1.68719
20, 50, 1.71389
20, 50, 1.68326
20, 50, 1.73897
20, 50, 1.7487
20, 50, 1.71403
20, 50, 1.70992
20, 50, 1.69173
20, 50, 1.696
20, 50, 1.68185
20, 50, 1.69646
20, 50, 1.68221
20, 50, 1.67815
20, 50, 1.71428
20, 50, 1.68224
20, 50, 1.68053
20, 50, 1.69136
20, 50, 1.69075
20, 50, 1.70639
20, 50, 1.72395
20, 50, 1.70275
20, 50, 1.67773
20, 50, 1.69467
20, 50, 1.69162
20, 50, 1.68724
20, 50, 1.69167
20, 100, 1.6945
20, 100, 1.72488
20, 100, 1.70085
20, 100, 1.72403
20, 100, 1.68058
20, 100, 1.69097
20, 100, 1.69625
20, 100, 1.68295
20, 100, 1.70816
20, 100, 1.7372
20, 100, 1.7026
20, 100, 1.69361
20, 100, 1.69077
20, 100, 1.69508
20, 100, 1.67788
20, 100, 1.6917
20, 100, 1.67792
20, 100, 1.708
20, 100, 1.71755
20, 100, 1.6818
20, 100, 1.67836
20, 100, 1.69614
20, 100, 1.689
20, 100, 1.67745
20, 100, 1.69526
20, 100, 1.68478
20, 100, 1.67725
20, 100, 1.68572
20, 100, 1.69873
20, 100, 1.68795
20, 100, 1.6833
20, 100, 1.68834
20, 100, 1.67754
20, 100, 1.68998
20, 100, 1.69655
20, 100, 1.67727
20, 100, 1.69054
20, 100, 1.69482
20, 100, 1.74455
20, 100, 1.6947
20, 100, 1.77865
20, 100, 1.67753
20, 100, 1.72075
20, 100, 1.73411
20, 100, 1.67502
20, 100, 1.69347
20, 100, 1.74284
20, 100, 1.67949
20, 100, 1.67743
20, 100, 1.68809
20, 100, 1.72223
20, 100, 1.6802
20, 100, 1.68829
20, 100, 1.68471
20, 100, 1.67599
20, 100, 1.70217
20, 100, 1.68761
20, 100, 1.69399
20, 100, 1.68823
20, 100, 1.69008
20, 100, 1.68864
20, 100, 1.70204
20, 100, 1.68964
20, 100, 1.67984
20, 100, 1.6913
20, 100, 1.69031
20, 100, 1.67746
20, 100, 1.68707
20, 100, 1.70852
20, 100, 1.67711
20, 100, 1.6855
20, 100, 1.74316
20, 100, 1.69519
20, 100, 1.7078
20, 100, 1.68819
20, 100, 1.67899
20, 100, 1.68546
20, 100, 1.69177
20, 100, 1.67693
20, 100, 1.68232
20, 100, 1.68963
20, 100, 1.69378
20, 100, 1.68038
20, 100, 1.69
20, 100, 1.68526
20, 100, 1.67686
20, 100, 1.70645
20, 100, 1.69374
20, 100, 1.67657
20, 100, 1.68909
20, 100, 1.68597
20, 100, 1.67739
20, 100, 1.69295
20, 100, 1.68782
20, 100, 1.69079
20, 100, 1.69294
20, 100, 1.70218
20, 100, 1.70591
20, 100, 1.68842
20, 100, 1.69098
20, 250, 1.67566
20, 250, 1.68576
20, 250, 1.6967
20, 250, 1.68278
20, 250, 1.70869
20, 250, 1.68872
20, 250, 1.67581
20, 250, 1.6968
20, 250, 1.6928
20, 250, 1.67557
20, 250, 1.74701
20, 250, 1.69082
20, 250, 1.6796
20, 250, 1.67821
20, 250, 1.69045
20, 250, 1.67528
20, 250, 1.6753
20, 250, 1.7134
20, 250, 1.6774
20, 250, 1.67477
20, 250, 1.68726
20, 250, 1.68113
20, 250, 1.67834
20, 250, 1.73455
20, 250, 1.7341
20, 250, 1.70541
20, 250, 1.68875
20, 250, 1.68676
20, 250, 1.70751
20, 250, 1.69881
20, 250, 1.69406
20, 250, 1.68438
20, 250, 1.72106
20, 250, 1.70199
20, 250, 1.68201
20, 250, 1.68914
20, 250, 1.68822
20, 250, 1.68117
20, 250, 1.72262
20, 250, 1.78212
20, 250, 1.67757
20, 250, 1.68894
20, 250, 1.6884
20, 250, 1.67817
20, 250, 1.68434
20, 250, 1.68672
20, 250, 1.677
20, 250, 1.72662
20, 250, 1.70592
20, 250, 1.69512
20, 250, 1.67805
20, 250, 1.68811
20, 250, 1.68355
20, 250, 1.67734
20, 250, 1.69333
20, 250, 1.71003
20, 250, 1.69233
20, 250, 1.68743
20, 250, 1.68712
20, 250, 1.67961
20, 250, 1.68926
20, 250, 1.68889
20, 250, 1.67836
20, 250, 1.75242
20, 250, 1.68995
20, 250, 1.67678
20, 250, 1.68428
20, 250, 1.68939
20, 250, 1.67707
20, 250, 1.7249
20, 250, 1.72508
20, 250, 1.68158
20, 250, 1.7038
20, 250, 1.68943
20, 250, 1.67974
20, 250, 1.70576
20, 250, 1.69247
20, 250, 1.70259
20, 250, 1.70509
20, 250, 1.68976
20, 250, 1.68797
20, 250, 1.67982
20, 250, 1.68907
20, 250, 1.68017
20, 250, 1.75535
20, 250, 1.70738
20, 250, 1.68348
20, 250, 1.67747
20, 250, 1.68832
20, 250, 1.68814
20, 250, 1.67699
20, 250, 1.69403
20, 250, 1.70155
20, 250, 1.67991
20, 250, 1.69019
20, 250, 1.68794
20, 250, 1.68475
20, 250, 1.68821
20, 250, 1.69036
20, 250, 1.70339
40, 1, 1.8434
40, 1, 1.83079
40, 1, 1.82731
40, 1, 1.62099
40, 1, 1.40385
40, 1, 1.33197
40, 1, 1.39385
40, 1, 1.5725
40, 1, 1.38927
40, 1, 1.37587
40, 1, 1.33158
40, 1, 1.40229
40, 1, 1.33987
40, 1, 1.49346
40, 1, 1.33871
40, 1, 1.40724
40, 1, 1.18013
40, 1, 1.34847
40, 1, 1.36791
40, 1, 1.37327
40, 1, 1.40568
40, 1, 1.33548
40, 1, 1.40297
40, 1, 1.3396
40, 1, 1.4135
40, 1, 1.35494
40, 1, 1.33954
40, 1, 1.38669
40, 1, 1.34503
40, 1, 1.40649
40, 1, 1.33652
40, 1, 1.40482
40, 1, 1.35741
40, 1, 1.5306
40, 1, 1.3603
40, 1, 1.33718
40, 1, 1.40796
40, 1, 1.33739
40, 1, 1.45147
40, 1, 1.33636
40, 1, 1.40719
40, 1, 1.3054
40, 1, 1.24332
40, 1, 1.34659
40, 1, 1.42156
40, 1, 1.40423
40, 1, 1.33849
40, 1, 1.40428
40, 1, 1.33404
40, 1, 1.40968
40, 1, 1.36506
40, 1, 1.3612
40, 1, 1.39003
40, 1, 1.3386
40, 1, 1.40604
40, 1, 1.33946
40, 1, 1.40017
40, 1, 1.41903
40, 1, 1.4088
40, 1, 1.33974
40, 1, 1.33571
40, 1, 1.3752
40, 1, 1.33615
40, 1, 1.45837
40, 1, 1.19398
40, 1, 1.40284
40, 1, 1.33662
40, 1, 1.40307
40, 1, 1.33458
40, 1, 1.41301
40, 1, 1.38491
40, 1, 1.33844
40, 1, 1.40484
40, 1, 1.33308
40, 1, 1.40357
40, 1, 1.3886
40, 1, 1.41791
40, 1, 1.22118
40, 1, 1.41503
40, 1, 1.36006
40, 1, 1.59578
40, 1, 1.4338
40, 1, 1.33565
40, 1, 1.40028
40, 1, 1.33344
40, 1, 1.36614
40, 1, 1.35098
40, 1, 1.3352
40, 1, 1.89724
40, 1, 1.55734
40, 1, 1.33795
40, 1, 1.38181
40, 1, 1.33924
40, 1, 1.42412
40, 1, 1.33995
40, 1, 1.46903
40, 1, 1.5308
40, 1, 1.55713
40, 1, 1.38562
40, 1, 1.35256
40, 10, 1.39961
40, 10, 1.32465
40, 10, 1.39917
40, 10, 1.32222
40, 10, 1.35938
40, 10, 1.32016
40, 10, 1.38721
40, 10, 1.32018
40, 10, 1.32397
40, 10, 1.36653
40, 10, 1.31997
40, 10, 1.40308
40, 10, 1.36692
40, 10, 1.39613
40, 10, 1.44696
40, 10, 1.64709
40, 10, 1.32877
40, 10, 1.72256
40, 10, 1.43267
40, 10, 1.31886
40, 10, 1.39918
40, 10, 1.32079
40, 10, 1.36774
40, 10, 1.31621
40, 10, 1.5333
40, 10, 1.87931
40, 10, 1.66744
40, 10, 1.31876
40, 10, 1.4041
40, 10, 1.32018
40, 10, 1.45993
40, 10, 1.29115
40, 10, 1.39509
40, 10, 1.31831
40, 10, 1.40058
40, 10, 1.32003
40, 10, 1.38853
40, 10, 1.35372
40, 10, 1.32061
40, 10, 1.40264
40, 10, 1.31867
40, 10, 1.39244
40, 10, 1.35003
40, 10, 1.39314
40, 10, 1.31491
40, 10, 1.4288
40, 10, 1.31793
40, 10, 1.31954
40, 10, 1.37984
40, 10, 1.525
40, 10, 1.39828
40, 10, 1.31906
40, 10, 1.39822
40, 10, 1.32119
40, 10, 1.39412
40, 10, 1.35828
40, 10, 1.2607
40, 10, 1.25745
40, 10, 1.32295
40, 10, 1.38492
40, 10, 1.31696
40, 10, 1.40579
40, 10, 1.3129
40, 10, 1.39942
40, 10, 1.31712
40, 10, 1.39464
40, 10, 1.31645
40, 10, 1.43573
40, 10, 1.60102
40, 10, 1.32375
40, 10, 1.38512
40, 10, 1.31956
40, 10, 1.39325
40, 10, 1.34153
40, 10, 1.38376
40, 10, 1.31983
40, 10, 1.31696
40, 10, 1.39066
40, 10, 1.31767
40, 10, 1.39172
40, 10, 1.36733
40, 10, 1.38516
40, 10, 1.31825
40, 10, 1.37897
40, 10, 1.3169
40, 10, 1.31846
40, 10, 1.68489
40, 10, 1.47477
40, 10, 1.38866
40, 10, 1.31939
40, 10, 1.4088
40, 10, 1.3192
40, 10, 1.37824
40, 10, 1.39943
40, 10, 1.3161
40, 10, 1.39694
40, 10, 1.32042
40, 10, 1.38314
40, 10, 1.40657
40, 10, 1.39227
40, 50, 1.32306
40, 50, 1.32089
40, 50, 1.35782
40, 50, 1.31443
40, 50, 1.40022
40, 50, 1.32064
40, 50, 1.39936
40, 50, 1.31844
40, 50, 1.40191
40, 50, 1.3195
40, 50, 1.40477
40, 50, 1.46162
40, 50, 1.31889
40, 50, 1.39456
40, 50, 1.31589
40, 50, 1.3981
40, 50, 1.24133
40, 50, 1.65364
40, 50, 1.31602
40, 50, 1.33704
40, 50, 1.33192
40, 50, 1.31723
40, 50, 1.38914
40, 50, 1.3888
40, 50, 1.30867
40, 50, 1.31936
40, 50, 1.33993
40, 50, 1.32491
40, 50, 1.38437
40, 50, 1.32852
40, 50, 1.45049
40, 50, 1.38675
40, 50, 1.32364
40, 50, 1.38992
40, 50, 1.31728
40, 50, 1.39437
40, 50, 1.33887
40, 50, 1.40605
40, 50, 1.3175
40, 50, 1.33571
40, 50, 1.33415
40, 50, 1.30986
40, 50, 1.53027
40, 50, 1.32044
40, 50, 1.39765
40, 50, 1.31411
40, 50, 1.40094
40, 50, 1.31621
40, 50, 1.35644
40, 50, 1.34806
40, 50, 1.33127
40, 50, 1.41165
40, 50, 1.31571
40, 50, 1.40704
40, 50, 1.31611
40, 50, 1.42457
40, 50, 1.31818
40, 50, 1.37895
40, 50, 1.31146
40, 50, 1.31789
40, 50, 1.35596
40, 50, 1.38292
40, 50, 1.39626
40, 50, 1.31575
40, 50, 1.38852
40, 50, 1.31739
40, 50, 1.3991
40, 50, 1.48969
40, 50, 1.24317
40, 50, 1.34403
40, 50, 1.31519
40, 50, 1.38552
40, 50, 1.31776
40, 50, 1.39004
40, 50, 1.31731
40, 50, 1.39002
40, 50, 1.22016
40, 50, 1.32965
40, 50, 1.30814
40, 50, 1.34494
40, 50, 1.37263
40, 50, 1.31757
40, 50, 1.40138
40, 50, 1.31452
40, 50, 1.39362
40, 50, 1.33409
40, 50, 1.64313
40, 50, 1.45198
40, 50, 1.31681
40, 50, 1.35495
40, 50, 1.3201
40, 50, 1.40321
40, 50, 1.35326
40, 50, 1.40025
40, 50, 1.32556
40, 50, 1.41452
40, 50, 1.32013
40, 50, 1.36751
40, 50, 1.31723
40, 50, 1.33672
40, 100, 1.50408
40, 100, 1.41189
40, 100, 1.49984
40, 100, 1.41048
40, 100, 1.48007
40, 100, 1.4441
40, 100, 1.41283
40, 100, 1.44668
40, 100, 1.41199
40, 100, 1.44793
40, 100, 1.41304
40, 100, 2.21509
40, 100, 1.59459
40, 100, 1.40721
40, 100, 1.45579
40, 100, 1.40769
40, 100, 1.70618
40, 100, 1.65714
40, 100, 1.41258
40, 100, 1.52136
40, 100, 1.40609
40, 100, 1.41017
40, 100, 1.84455
40, 100, 1.58561
40, 100, 1.47818
40, 100, 1.43225
40, 100, 1.41064
40, 100, 1.45795
40, 100, 1.40461
40, 100, 1.468
40, 100, 1.41003
40, 100, 1.41125
40, 100, 1.44344
40, 100, 1.41165
40, 100, 1.50215
40, 100, 1.4092
40, 100, 1.43442
40, 100, 1.40974
40, 100, 1.40928
40, 100, 1.45984
40, 100, 1.40638
40, 100, 1.49141
40, 100, 1.37241
40, 100, 1.46753
40, 100, 1.41146
40, 100, 1.4113
40, 100, 1.41864
40, 100, 1.40732
40, 100, 1.45873
40, 100, 1.40772
40, 100, 1.44771
40, 100, 1.4074
40, 100, 1.46338
40, 100, 1.4701
40, 100, 1.41013
40, 100, 1.44813
40, 100, 1.41089
40, 100, 1.49984
40, 100, 1.47171
40, 100, 1.42834
40, 100, 1.47561
40, 100, 1.41314
40, 100, 1.49694
40, 100, 1.4133
40, 100, 1.41134
40, 100, 1.46919
40, 100, 1.41417
40, 100, 1.48873
40, 100, 1.41359
40, 100, 1.44537
40, 100, 1.43178
40, 100, 1.41161
40, 100, 1.4881
40, 100, 1.41379
40, 100, 1.41601
40, 100, 1.41478
40, 100, 1.50451
40, 100, 1.41205
40, 100, 1.41059
40, 100, 1.41771
40, 100, 1.41482
40, 100, 1.4672
40, 100, 1.41196
40, 100, 1.46249
40, 100, 1.41307
40, 100, 1.40476
40, 100, 1.4618
40, 100, 1.41504
40, 100, 1.47635
40, 100, 1.41344
40, 100, 1.42533
40, 100, 1.4249
40, 100, 1.41738
40, 100, 1.45086
40, 100, 1.41287
40, 100, 1.49832
40, 100, 1.41956
40, 100, 1.69051
40, 100, 1.43042
40, 100, 1.41668
40, 250, 1.40051
40, 250, 1.31389
40, 250, 1.40712
40, 250, 1.31914
40, 250, 1.39364
40, 250, 1.31646
40, 250, 1.59894
40, 250, 1.87275
40, 250, 1.62745
40, 250, 1.39043
40, 250, 1.33106
40, 250, 1.41934
40, 250, 1.33329
40, 250, 1.31915
40, 250, 1.42729
40, 250, 1.44637
40, 250, 1.39742
40, 250, 1.38032
40, 250, 1.41389
40, 250, 1.32256
40, 250, 1.37348
40, 250, 1.33733
40, 250, 1.35078
40, 250, 1.4294
40, 250, 1.30395
40, 250, 1.38248
40, 250, 1.31485
40, 250, 1.39679
40, 250, 1.31998
40, 250, 1.3798
40, 250, 1.37809
40, 250, 1.31627
40, 250, 1.36398
40, 250, 1.32041
40, 250, 1.38795
40, 250, 1.31662
40, 250, 1.4442
40, 250, 1.31507
40, 250, 1.39103
40, 250, 1.31703
40, 250, 1.32272
40, 250, 1.35444
40, 250, 1.32206
40, 250, 1.38741
40, 250, 1.3167
40, 250, 1.39619
40, 250, 1.3277
40, 250, 1.40541
40, 250, 1.31714
40, 250, 1.40947
40, 250, 1.32025
40, 250, 1.31694
40, 250, 1.36919
40, 250, 1.31791
40, 250, 1.39388
40, 250, 1.37795
40, 250, 1.38729
40, 250, 1.3127
40, 250, 1.40719
40, 250, 1.33321
40, 250, 1.33462
40, 250, 1.38836
40, 250, 1.30956
40, 250, 1.38266
40, 250, 1.31434
40, 250, 1.38854
40, 250, 1.30932
40, 250, 1.38399
40, 250, 1.35723
40, 250, 1.34144
40, 250, 1.33501
40, 250, 1.31441
40, 250, 1.39574
40, 250, 1.3111
40, 250, 1.45173
40, 250, 1.31994
40, 250, 1.39002
40, 250, 1.31276
40, 250, 1.43126
40, 250, 1.31076
40, 250, 1.37713
40, 250, 1.38987
40, 250, 1.31581
40, 250, 1.43572
40, 250, 1.31446
40, 250, 1.38737
40, 250, 1.42041
40, 250, 1.08153
40, 250, 1.31006
40, 250, 1.32838
40, 250, 1.34164
40, 250, 1.31685
40, 250, 1.39691
40, 250, 1.5418
40, 250, 1.39977
40, 250, 1.31606
40, 250, 1.41672
40, 250, 1.33009
40, 250, 1.35171
40, 250, 1.41363
